State,City,Year,Predicted_Avg_Addiction_Score
West Bengal,Kolkata,2026,60.41400885038656
West Bengal,Kolkata,2027,60.36636371751809
West Bengal,Kolkata,2028,60.36890290791321
West Bengal,Kolkata,2029,60.36876758479678
West Bengal,Kolkata,2030,60.36877479668048
West Bengal,Kolkata,2031,60.36877441233176
West Bengal,Kolkata,2032,60.368774432815165
West Bengal,Kolkata,2033,60.36877443172353
West Bengal,Kolkata,2034,60.36877443178171
West Bengal,Kolkata,2035,60.36877443177861